item_Name_Turret_Manned=Manned Turret
item_Name_Turret_Remote=Remote Turret
item_Name_UEE_Heavy_Helmet=Cyclops Helmet
item_Name_UEE_Light_Helmet=G-6 Helmet
item_Name_UEE_Medium_Helmet=G-8 Helmet
item_Name_UPS_Shoes_01_01_01=Edgeriders Shoes
item_Name_UPS_Shoes_01_01_03=Edgeriders Shoes Cherry Crush
item_Name_UPS_Shoes_01_01_04=Edgeriders Shoes Tangelo
item_Name_UPS_Shoes_01_01_06=Edgeriders Shoes Bluebee
item_Name_UPS_Shoes_01_01_10=Edgeriders Shoes Meringue
item_Name_UPS_Shoes_02_01_01=Crestfall Shoes
item_Name_WEAP_Controller=WEAPONS
item_Name_WheeledController=Drivetrain
item_Name_adv_agent_core=TrueDef-Pro Core
item_Name_adv_agent_helmet_01=Argus Helmet
item_Name_adv_agent_undersuit=Guardian Undersuit
item_Name_alb_Jacket_02_01_01=Softshell Jacket
item_Name_alb_bandana_02_01_01=Burgundy Paisley Bandana
item_Name_alb_hat_01_01_01=Ketchum Beanie
item_Name_alb_hat_01_01_02=Ketchum Beanie Red
item_Name_alb_hat_01_01_03=Ketchum Beanie Orange
item_Name_alb_hat_01_01_04=Ketchum Beanie Yellow
item_Name_alb_hat_01_01_05=Ketchum Beanie Green
item_Name_alb_hat_01_01_06=Ketchum Beanie Seagreen
item_Name_alb_hat_01_01_07=Ketchum Beanie Blue
item_Name_alb_hat_01_01_08=Ketchum Beanie Purple
item_Name_alb_hat_01_01_09=Ketchum Beanie Violet
item_Name_alb_hat_01_01_10=Ketchum Beanie White
item_Name_alb_hat_01_01_11=Ketchum Beanie Grey
item_Name_alb_hat_01_01_12=Ketchum Beanie Black
item_Name_alb_hat_01_01_13=Ketchum Beanie Dark Red
item_Name_alb_hat_01_01_14=Ketchum Beanie Sienna
item_Name_alb_hat_01_01_15=Ketchum Beanie Tan
item_Name_alb_hat_01_01_16=Ketchum Beanie Dark Green
item_Name_alb_hat_01_01_17=Ketchum Beanie Aqua
item_Name_alb_hat_01_01_18=Ketchum Beanie Twilight
item_Name_alb_hat_01_01_19=Ketchum Beanie Imperial
item_Name_alb_hat_01_01_20=Ketchum Beanie Olive
item_Name_alb_hat_02_foundation01_06=Foundation Festival Beanie Teal
item_Name_alb_hat_02_foundation01_12=Foundation Festival Beanie Black
item_Name_alb_shirt_01_01_01=Harlowe Shirt
item_Name_alb_shirt_01_01_02=Harlowe Shirt Red
item_Name_alb_shirt_01_01_03=Harlowe Shirt Orange
item_Name_alb_shirt_01_01_04=Harlowe Shirt Yellow
item_Name_alb_shirt_01_01_05=Harlowe Shirt Green
item_Name_alb_shirt_01_01_06=Harlowe Shirt Seagreen
item_Name_alb_shirt_01_01_07=Harlowe Shirt Blue
item_Name_alb_shirt_01_01_08=Harlowe Shirt Purple
item_Name_alb_shirt_01_01_09=Harlowe Shirt Violet
item_Name_alb_shirt_01_01_10=Harlowe Shirt White
item_Name_alb_shirt_01_01_11=Harlowe Shirt Grey
item_Name_alb_shirt_01_01_12=Harlowe Shirt Black
item_Name_alb_shirt_01_01_13=Harlowe Shirt Dark Red
item_Name_alb_shirt_01_01_14=Harlowe Shirt Sienna
item_Name_alb_shirt_01_01_15=Harlowe Shirt Tan
item_Name_alb_shirt_01_01_16=Harlowe Shirt Dark Green
item_Name_alb_shirt_01_01_17=Harlowe Shirt Aqua
item_Name_alb_shirt_01_01_18=Harlowe Shirt Twilight
item_Name_alb_shirt_01_01_19=Harlowe Shirt Imperial
item_Name_alb_shirt_01_01_20=Harlowe Shirt Olive
item_Name_alb_shirt_02_01_01=Cliffback T-Shirt
item_Name_alb_shirt_02_01_02=Cliffback T-Shirt Red
item_Name_alb_shirt_02_01_03=Cliffback T-Shirt Orange
item_Name_alb_shirt_02_01_04=Cliffback T-Shirt Yellow
item_Name_alb_shirt_02_01_05=Cliffback T-Shirt Green
item_Name_alb_shirt_02_01_06=Cliffback T-Shirt Seagreen
item_Name_alb_shirt_02_01_07=Cliffback T-Shirt Blue
item_Name_alb_shirt_02_01_08=Cliffback T-Shirt Purple
item_Name_alb_shirt_02_01_09=Cliffback T-Shirt Violet
item_Name_alb_shirt_02_01_10=Cliffback T-Shirt White
item_Name_alb_shirt_02_01_11=Cliffback T-Shirt Grey
item_Name_alb_shirt_02_01_12=Cliffback T-Shirt Black
item_Name_alb_shirt_02_01_13=Cliffback T-Shirt Dark Red
item_Name_alb_shirt_02_01_14=Cliffback T-Shirt Sienna
item_Name_alb_shirt_02_01_15=Cliffback T-Shirt Tan
item_Name_alb_shirt_02_01_16=Cliffback T-Shirt Dark Green
item_Name_alb_shirt_02_01_17=Cliffback T-Shirt Aqua
item_Name_alb_shirt_02_01_18=Cliffback T-Shirt Twilight
item_Name_alb_shirt_02_01_19=Cliffback T-Shirt Imperial
item_Name_alb_shirt_02_01_20=Cliffback T-Shirt Desert
item_Name_alb_shirt_03_01_microtech=Harlowe Shirt microTech
item_Name_banu_lum_gloves_01_01_01=Good Gift Gloves
item_Name_banu_lum_jacket_01_01_01=Good Gift Sweater
item_Name_cba_boots_01_01_01=Cirrus Boots Gray
item_Name_cba_boots_01_01_02=Cirrus Boots Red
item_Name_cba_boots_01_01_03=Cirrus Boots Brown
item_Name_cba_boots_01_01_04=Cirrus Boots Yellow
item_Name_cba_boots_01_01_07=Cirrus Boots Teal
item_Name_cba_boots_01_01_08=Cirrus Boots Purple
item_Name_cba_boots_02_01_01=Pampero Boots Maroon
item_Name_cba_boots_02_01_03=Pampero Boots Brown
item_Name_cba_boots_02_01_04=Pampero Boots Yellow
item_Name_cba_boots_02_01_05=Pampero Boots Green
item_Name_cba_boots_02_01_07=Pampero Boots Teal
item_Name_cba_boots_02_01_08=Pampero Boots Purple
item_Name_cba_chef_hat_01_01_01=Grammercy Food Service Cover
item_Name_cba_chef_jacket_01_01_01=Grammercy Food Service Jacket
item_Name_cba_chef_pants_01_01_01=Grammercy Food Service Pants
item_Name_cba_chef_shoes_01_01_01=Variable Service Shoes
item_Name_cba_doctor_jacket_01_01_01=Galen Surgical Scrub Top
